<?xml version="1.0" encoding="utf-8"?>
<feed xmlns="http://www.w3.org/2005/Atom">
  <title>asyncnode</title>
  <subtitle>asyncnode</subtitle>
  <link href="/atom.xml" rel="self"/>
  
  <link href="http://asyncnode.com/"/>
  <updated>2017-07-19T02:09:21.392Z</updated>
  <id>http://asyncnode.com/</id>
  
  <author>
    <name>zhangjingguo</name>
    
  </author>
  
  <generator uri="http://hexo.io/">Hexo</generator>
  
  <entry>
    <title>vue-cli构建项目 npm run build后应该怎么运行在本地查看效果</title>
    <link href="http://asyncnode.com//blog/vue-run-build.html"/>
    <id>http://asyncnode.com//blog/vue-run-build.html</id>
    <published>2017-07-19T01:44:03.000Z</published>
    <updated>2017-07-19T02:09:21.392Z</updated>
    
    <content type="html"><![CDATA[<h2 id="运行npm-run-build-本地查看页面效果"><a href="#运行npm-run-build-本地查看页面效果" class="headerlink" title="运行npm run build 本地查看页面效果"></a>运行npm run build 本地查看页面效果</h2><h3 id="本文以vue官方脚手架vue-cli构建的项目为例"><a href="#本文以vue官方脚手架vue-cli构建的项目为例" class="headerlink" title="本文以vue官方脚手架vue-cli构建的项目为例"></a>本文以vue官方脚手架vue-cli构建的项目为例</h3><p> 这时如果直接运行npn run build是可以运行并打包你的代码的，不会报任何异常或错误，但是你会看到你的命令行打包完成有这样一句提示：<br> <figure class="highlight javascript"><table><tr><td class="gutter"><pre><div class="line">1</div><div class="line">2</div><div class="line">3</div></pre></td><td class="code"><pre><div class="line">Build complete.</div><div class="line">Tip: built files are meant to be served over an HTTP server.</div><div class="line">Opening index.html over file:<span class="comment">// won\'t work</span></div></pre></td></tr></table></figure></p>
<p> 运行完npm run build,打开项目中的dist目录下的index.html文件！<br> 看到index.html的 <font color="red">控制台</font>会出现一片<font color="red">404</font> 如下图：<br> <img src="../images/run_build1.jpg" alt="run_build_console_error"></p>
<h3 id="解决方案"><a href="#解决方案" class="headerlink" title="解决方案"></a>解决方案</h3><p>  因为<font color="red"> config </font>目录下的<font color="red"> index.js </font>中的<font color="red"> build </font>配置的<font color="red"> assetsPublicPath </font>为<font color="red"> / </font>绝对路径,所以找不到打包以后的资源<br>  我们只要报<font color="red"> build </font>中的<font color="red"> assetsPublicPath </font>改为<font color="red"> ./ </font>就可以了，在运行一次npm run build,再打开index.html就可以在本地看了</p>
]]></content>
    
    <summary type="html">
    
      vue官方脚手架 vue-cli npm run build 在本地运行
    
    </summary>
    
      <category term="vue" scheme="http://asyncnode.com/categories/vue/"/>
    
      <category term="webpack" scheme="http://asyncnode.com/categories/vue/webpack/"/>
    
    
      <category term="ECMAScript 6" scheme="http://asyncnode.com/tags/ECMAScript-6/"/>
    
      <category term="javascript" scheme="http://asyncnode.com/tags/javascript/"/>
    
      <category term="vue" scheme="http://asyncnode.com/tags/vue/"/>
    
      <category term="webpack" scheme="http://asyncnode.com/tags/webpack/"/>
    
  </entry>
  
  <entry>
    <title>css3transfrom3D</title>
    <link href="http://asyncnode.com//blog/css3transfrom3D.html"/>
    <id>http://asyncnode.com//blog/css3transfrom3D.html</id>
    <published>2017-07-17T08:22:48.000Z</published>
    <updated>2017-07-17T10:09:29.918Z</updated>
    
    <content type="html"><![CDATA[<h2 id="css3-3d-transfrom"><a href="#css3-3d-transfrom" class="headerlink" title="css3 3d transfrom"></a>css3 3d transfrom</h2><p> 参考 &gt; <a href="http://www.zhangxinxu.com/wordpress/2012/09/css3-3d-transform-perspective-animate-transition/" target="_blank" rel="external">http://www.zhangxinxu.com/wordpress/2012/09/css3-3d-transform-perspective-animate-transition/</a></p>
<h3 id="3D变化示意图"><a href="#3D变化示意图" class="headerlink" title="3D变化示意图"></a>3D变化示意图</h3><p> <img src="../images/3d_axes.png" alt="css3 3d transfrom"></p>
<h3 id="认识-rotate"><a href="#认识-rotate" class="headerlink" title="认识 rotate"></a>认识 rotate</h3><ul>
<li>rotateX() 以x轴为中心旋转<br><img src="../images/rotateX.png" alt="css rotateX"></li>
<li>rotateY() 以Y轴为中心旋转<br><img src="../images/rotateX.png" alt="css rotateX"></li>
<li><p>rotateZ() 以Z轴为中心旋转<br><img src="../images/rotateX.png" alt="css rotateX"></p>
<h3 id="perspective属性"><a href="#perspective属性" class="headerlink" title="perspective属性"></a>perspective属性</h3><p>perspective的意思是：透视,远景<br>CSS3 3D transform的透视点是在浏览器的前方！<br>显示器中3D效果元素的透视点在显示器的上方（不是后面），近似就是我们眼睛所在方位！</p>
<h3 id="translateZ帮你寻找透视位置"><a href="#translateZ帮你寻找透视位置" class="headerlink" title="translateZ帮你寻找透视位置"></a>translateZ帮你寻找透视位置</h3><p>如果说rotateX/rotateY/rotateZ可以帮助理解三维坐标，则translateZ则可以帮你理解透视位置。<br>我们都知道近大远小的道理，对于没有rotateX以及rotateY的元素，translateZ的功能就是让元素在自己的眼前或近或远。比方说，我们设置元素perspective为201像素，如下：</p>
<figure class="highlight css"><table><tr><td class="gutter"><pre><div class="line">1</div></pre></td><td class="code"><pre><div class="line"><span class="selector-tag">perspective</span>: 201<span class="selector-tag">px</span>;</div></pre></td></tr></table></figure>
<p>则其子元素，设置的translateZ值越小，则子元素大小越小（因为元素远去，我们眼睛看到的就会变小）;<br>可参考 &gt; <a href="http://www.zhangxinxu.com/study/201209/transform-perspective-translateZ.html" target="_blank" rel="external">http://www.zhangxinxu.com/study/201209/transform-perspective-translateZ.html</a></p>
<h3 id="反转效果"><a href="#反转效果" class="headerlink" title="反转效果"></a>反转效果</h3><p>css代码</p>
<figure class="highlight css"><table><tr><td class="gutter"><pre><div class="line">1</div><div class="line">2</div><div class="line">3</div><div class="line">4</div><div class="line">5</div><div class="line">6</div><div class="line">7</div></pre></td><td class="code"><pre><div class="line"><span class="selector-class">.flip-container</span>&#123;<span class="attribute">perspective</span>:<span class="number">1000</span>&#125;</div><div class="line"><span class="selector-class">.flip-container</span><span class="selector-pseudo">:hover</span> <span class="selector-class">.flipper</span>,<span class="selector-class">.flip-container</span><span class="selector-class">.hover</span> <span class="selector-class">.flipper</span>&#123;<span class="attribute">transform</span>:<span class="built_in">rotateY</span>(180deg)&#125;</div><div class="line"><span class="selector-class">.flip-container</span>,<span class="selector-class">.front</span>,<span class="selector-class">.back</span>&#123;<span class="attribute">width</span>:<span class="number">320px</span>;<span class="attribute">height</span>:<span class="number">480px</span>&#125;</div><div class="line"><span class="selector-class">.flipper</span>&#123;<span class="attribute">transition</span>:<span class="number">0.6s</span>;<span class="attribute">transform-style</span>:preserve-<span class="number">3</span>d;<span class="attribute">position</span>:relative&#125;</div><div class="line"><span class="selector-class">.front</span>,<span class="selector-class">.back</span>&#123;<span class="attribute">backface-visibility</span>:hidden;<span class="attribute">position</span>:absolute;<span class="attribute">top</span>:<span class="number">0</span>;<span class="attribute">left</span>:<span class="number">0</span>&#125;</div><div class="line"><span class="selector-class">.front</span>&#123;<span class="attribute">z-index</span>:<span class="number">2</span>;<span class="attribute">background</span>:red&#125;</div><div class="line"><span class="selector-class">.back</span>&#123;<span class="attribute">background</span>:blue;<span class="attribute">transform</span>:<span class="built_in">rotateY</span>(180deg)&#125;</div></pre></td></tr></table></figure>
<figure class="highlight css"><table><tr><td class="gutter"><pre><div class="line">1</div><div class="line">2</div><div class="line">3</div><div class="line">4</div><div class="line">5</div><div class="line">6</div><div class="line">7</div></pre></td><td class="code"><pre><div class="line"><span class="selector-class">.flip-container</span>&#123;<span class="attribute">-webkit-perspective</span>:<span class="number">1000</span>;<span class="attribute">-moz-perspective</span>:<span class="number">1000</span>;<span class="attribute">-ms-perspective</span>:<span class="number">1000</span>;<span class="attribute">perspective</span>:<span class="number">1000</span>;<span class="attribute">-ms-transform</span>:<span class="built_in">perspective</span>(1000px);<span class="attribute">-moz-transform</span>:<span class="built_in">perspective</span>(1000px);<span class="attribute">-moz-transform-style</span>:preserve-<span class="number">3</span>d;<span class="attribute">-ms-transform-style</span>:preserve-<span class="number">3</span>d&#125;</div><div class="line"><span class="selector-class">.flip-container</span><span class="selector-pseudo">:hover</span> <span class="selector-class">.back</span><span class="selector-class">.flip</span>&#123;<span class="attribute">-webkit-transform</span>:<span class="built_in">rotateY</span>(0deg);<span class="attribute">-moz-transform</span>:<span class="built_in">rotateY</span>(0deg);<span class="attribute">-o-transform</span>:<span class="built_in">rotateY</span>(0deg);<span class="attribute">-ms-transform</span>:<span class="built_in">rotateY</span>(0deg);<span class="attribute">transform</span>:<span class="built_in">rotateY</span>(0deg)&#125;</div><div class="line"><span class="selector-class">.flip-container</span><span class="selector-pseudo">:hover</span> <span class="selector-class">.front</span><span class="selector-class">.flip</span>&#123;<span class="attribute">-webkit-transform</span>:<span class="built_in">rotateY</span>(180deg);<span class="attribute">-moz-transform</span>:<span class="built_in">rotateY</span>(180deg);<span class="attribute">-o-transform</span>:<span class="built_in">rotateY</span>(180deg);<span class="attribute">transform</span>:<span class="built_in">rotateY</span>(180deg)&#125;</div><div class="line"><span class="selector-class">.flipper</span>&#123;<span class="attribute">-webkit-transition</span>:<span class="number">0.6s</span>;<span class="attribute">-webkit-transform-style</span>:preserve-<span class="number">3</span>d;<span class="attribute">-ms-transition</span>:<span class="number">0.6s</span>;<span class="attribute">-moz-transition</span>:<span class="number">0.6s</span>;<span class="attribute">-moz-transform</span>:<span class="built_in">perspective</span>(1000px);<span class="attribute">-moz-transform-style</span>:preserve-<span class="number">3</span>d;<span class="attribute">-ms-transform-style</span>:preserve-<span class="number">3</span>d;<span class="attribute">transition</span>:<span class="number">0.6s</span>;<span class="attribute">transform-style</span>:preserve-<span class="number">3</span>d;<span class="attribute">position</span>:relative;<span class="attribute">height</span>:<span class="number">100%</span>&#125;</div><div class="line"><span class="selector-class">.front</span>,<span class="selector-class">.back</span>&#123;<span class="attribute">-webkit-backface-visibility</span>:hidden;<span class="attribute">-moz-backface-visibility</span>:hidden;<span class="attribute">-ms-backface-visibility</span>:hidden;<span class="attribute">backface-visibility</span>:hidden;<span class="attribute">-webkit-transition</span>:<span class="number">0.6s</span>;<span class="attribute">-webkit-transform-style</span>:preserve-<span class="number">3</span>d;<span class="attribute">-webkit-transform</span>:<span class="built_in">rotateY</span>(0deg);<span class="attribute">-moz-transition</span>:<span class="number">0.6s</span>;<span class="attribute">-moz-transform-style</span>:preserve-<span class="number">3</span>d;<span class="attribute">-moz-transform</span>:<span class="built_in">rotateY</span>(0deg);<span class="attribute">-o-transition</span>:<span class="number">0.6s</span>;<span class="attribute">-o-transform-style</span>:preserve-<span class="number">3</span>d;<span class="attribute">-o-transform</span>:<span class="built_in">rotateY</span>(0deg);<span class="attribute">-ms-transition</span>:<span class="number">0.6s</span>;<span class="attribute">-ms-transform-style</span>:preserve-<span class="number">3</span>d;<span class="attribute">-ms-transform</span>:<span class="built_in">rotateY</span>(0deg);<span class="attribute">transition</span>:<span class="number">0.6s</span>;<span class="attribute">transform-style</span>:preserve-<span class="number">3</span>d;<span class="attribute">transform</span>:<span class="built_in">rotateY</span>(0deg);<span class="attribute">position</span>:absolute;<span class="attribute">top</span>:<span class="number">0</span>;<span class="attribute">left</span>:<span class="number">0</span>&#125;</div><div class="line"><span class="selector-class">.front</span>&#123;<span class="attribute">-webkit-transform</span>:<span class="built_in">rotateY</span>(0deg);<span class="attribute">-ms-transform</span>:<span class="built_in">rotateY</span>(0deg);<span class="attribute">z-index</span>:<span class="number">2</span>;<span class="attribute">width</span>:<span class="number">100%</span>;<span class="attribute">height</span>:<span class="number">100%</span>&#125;</div><div class="line"><span class="selector-class">.back</span>&#123;<span class="attribute">-webkit-transform</span>:<span class="built_in">rotateY</span>(-180deg);<span class="attribute">-moz-transform</span>:<span class="built_in">rotateY</span>(-180deg);<span class="attribute">-o-transform</span>:<span class="built_in">rotateY</span>(-180deg);<span class="attribute">-ms-transform</span>:<span class="built_in">rotateY</span>(-180deg);<span class="attribute">transform</span>:<span class="built_in">rotateY</span>(-180deg);<span class="attribute">height</span>:<span class="number">100%</span>&#125;</div></pre></td></tr></table></figure>
<p>html代码</p>
<figure class="highlight html"><table><tr><td class="gutter"><pre><div class="line">1</div><div class="line">2</div><div class="line">3</div><div class="line">4</div><div class="line">5</div><div class="line">6</div><div class="line">7</div><div class="line">8</div><div class="line">9</div><div class="line">10</div></pre></td><td class="code"><pre><div class="line"><span class="tag">&lt;<span class="name">div</span> <span class="attr">class</span>=<span class="string">"flip-container"</span> <span class="attr">ontouchstart</span>=<span class="string">"this.classList.toggle('hover');"</span>&gt;</span></div><div class="line">     <span class="tag">&lt;<span class="name">div</span> <span class="attr">class</span>=<span class="string">"flipper"</span>&gt;</span></div><div class="line">         <span class="tag">&lt;<span class="name">div</span> <span class="attr">class</span>=<span class="string">"front"</span>&gt;</span></div><div class="line">             <span class="comment">&lt;!-- 前面内容 --&gt;</span></div><div class="line">         <span class="tag">&lt;/<span class="name">div</span>&gt;</span></div><div class="line">         <span class="tag">&lt;<span class="name">div</span> <span class="attr">class</span>=<span class="string">"back"</span>&gt;</span></div><div class="line">             <span class="comment">&lt;!-- 背面内容 --&gt;</span></div><div class="line">         <span class="tag">&lt;/<span class="name">div</span>&gt;</span></div><div class="line">     <span class="tag">&lt;/<span class="name">div</span>&gt;</span></div><div class="line"><span class="tag">&lt;/<span class="name">div</span>&gt;</span></div></pre></td></tr></table></figure></li>
</ul>
]]></content>
    
    <summary type="html">
    
      css3 3d transfrom
    
    </summary>
    
      <category term="css3," scheme="http://asyncnode.com/categories/css3/"/>
    
    
      <category term="css3" scheme="http://asyncnode.com/tags/css3/"/>
    
      <category term="css" scheme="http://asyncnode.com/tags/css/"/>
    
  </entry>
  
  <entry>
    <title>es6中let、const和var之间的关联、区别</title>
    <link href="http://asyncnode.com//blog/es6-1.html"/>
    <id>http://asyncnode.com//blog/es6-1.html</id>
    <published>2017-07-17T07:14:25.000Z</published>
    <updated>2017-07-19T02:10:18.648Z</updated>
    
    <content type="html"><![CDATA[<h2 id="let、const、var的区别（let、const-为es5新添加的）"><a href="#let、const、var的区别（let、const-为es5新添加的）" class="headerlink" title="let、const、var的区别（let、const 为es5新添加的）"></a>let、const、var的区别（let、const 为es5新添加的）</h2><p> let 允许你声明一个作用域被限制在块级中的变量、语句或者表达式。<br> var 声明的变量只能是全局或者整个函数块的。<br> const 伪常量 本身的值不能改变 d<br> <figure class="highlight javascript"><table><tr><td class="gutter"><pre><div class="line">1</div><div class="line">2</div><div class="line">3</div><div class="line">4</div><div class="line">5</div><div class="line">6</div><div class="line">7</div></pre></td><td class="code"><pre><div class="line">&#123;</div><div class="line">  <span class="keyword">let</span> a = <span class="number">10</span>;</div><div class="line">  <span class="keyword">var</span> b = <span class="number">1</span>;</div><div class="line">&#125;</div><div class="line"></div><div class="line">a <span class="comment">// ReferenceError: a is not defined.</span></div><div class="line">b <span class="comment">// 1</span></div></pre></td></tr></table></figure></p>
<a id="more"></a>
<h3 id="let-const-暂时性死区-（temporal-dead-zone，简称-TDZ）"><a href="#let-const-暂时性死区-（temporal-dead-zone，简称-TDZ）" class="headerlink" title="let const 暂时性死区 （temporal dead zone，简称 TDZ）"></a>let const 暂时性死区 （temporal dead zone，简称 TDZ）</h3><h4 id="只要块级作用域内存在let命令，它所声明的变量就“绑定”（binding）这个区域，不再受外部的影响。"><a href="#只要块级作用域内存在let命令，它所声明的变量就“绑定”（binding）这个区域，不再受外部的影响。" class="headerlink" title="只要块级作用域内存在let命令，它所声明的变量就“绑定”（binding）这个区域，不再受外部的影响。"></a>只要块级作用域内存在let命令，它所声明的变量就“绑定”（binding）这个区域，不再受外部的影响。</h4> <figure class="highlight javascript"><table><tr><td class="gutter"><pre><div class="line">1</div><div class="line">2</div><div class="line">3</div><div class="line">4</div><div class="line">5</div></pre></td><td class="code"><pre><div class="line"><span class="keyword">var</span> tmp = <span class="number">123</span>;</div><div class="line"><span class="keyword">if</span> (<span class="literal">true</span>) &#123;</div><div class="line"> tmp = <span class="string">'abc'</span>; <span class="comment">// ReferenceError</span></div><div class="line"> <span class="keyword">let</span> tmp;</div><div class="line">&#125;</div></pre></td></tr></table></figure>
<h4 id="必须在声明以后才能使用"><a href="#必须在声明以后才能使用" class="headerlink" title="必须在声明以后才能使用"></a>必须在声明以后才能使用</h4><p> ES6 规定暂时性死区和let、const语句不出现变量提升，主要是为了减少运行时错误，防止在变量声明前就使用这个变量，从而导致意料之外的行为。<br> 参考 &gt; <a href="https://developer.mozilla.org/zh-CN/docs/Web/JavaScript/Reference/Statements/let" target="_blank" rel="external">https://developer.mozilla.org/zh-CN/docs/Web/JavaScript/Reference/Statements/let</a> 兼容性查询</p>
]]></content>
    
    <summary type="html">
    
      ECMAScript6 let &amp;&amp; const &amp;&amp; var
    
    </summary>
    
      <category term="JavaScript" scheme="http://asyncnode.com/categories/JavaScript/"/>
    
    
      <category term="ECMAScript 6" scheme="http://asyncnode.com/tags/ECMAScript-6/"/>
    
      <category term="javascript" scheme="http://asyncnode.com/tags/javascript/"/>
    
  </entry>
  
  <entry>
    <title>移动端注意事项</title>
    <link href="http://asyncnode.com//blog/mobile-all.html"/>
    <id>http://asyncnode.com//blog/mobile-all.html</id>
    <published>2017-07-17T01:33:57.000Z</published>
    <updated>2017-07-17T06:51:18.990Z</updated>
    
    <content type="html"><![CDATA[<h2 id="一些问题阐述-未完待续"><a href="#一些问题阐述-未完待续" class="headerlink" title="一些问题阐述 (未完待续)"></a>一些问题阐述 <font color="red">(未完待续)</font></h2><ul>
<li>设备更新换代快 + 浏览器厂商不统一———— 兼容问题多</li>
<li>网络更复杂——弱网络，低端机性能差————页面打开慢</li>
<li>未知问题——坑多  <a id="more"></a>
<h2 id="meta基础知识"><a href="#meta基础知识" class="headerlink" title="meta基础知识"></a>meta基础知识</h2></li>
<li>H5页面窗口自动调整到设备宽度，并禁止用户缩放页面<br><code>&lt;meta name=&quot;viewport&quot; content=&quot;width=device-width,initial-scale=1.0,minimum-scale=1.0,maximum-scale=1.0,user-scalable=no&quot; /&gt;</code></li>
<li>忽略将页面中的数字识别为电话号码<br><code>&lt;meta name=&quot;format-detection&quot; content=&quot;telephone=no&quot; /&gt;</code></li>
<li>忽略Android平台中对邮箱地址的识别<br><code>&lt;meta name=&quot;format-detection&quot; content=&quot;email=no&quot; /&gt;</code></li>
<li>当网站添加到主屏幕快速启动方式，可隐藏地址栏，仅针对ios的safari<br><code>&lt;meta name=&quot;apple-mobile-web-app-capable&quot; content=&quot;yes&quot; /&gt;</code><br><code>&lt;!-- ios7.0版本以后，safari上已看不到效果 --&gt;</code></li>
<li>viewport模板 ———— 通用<figure class="highlight html"><table><tr><td class="gutter"><pre><div class="line">1</div><div class="line">2</div><div class="line">3</div><div class="line">4</div><div class="line">5</div><div class="line">6</div><div class="line">7</div><div class="line">8</div><div class="line">9</div><div class="line">10</div><div class="line">11</div><div class="line">12</div><div class="line">13</div><div class="line">14</div><div class="line">15</div><div class="line">16</div></pre></td><td class="code"><pre><div class="line"><span class="meta">&lt;!DOCTYPE html&gt;</span></div><div class="line"><span class="tag">&lt;<span class="name">html</span>&gt;</span></div><div class="line">    <span class="tag">&lt;<span class="name">head</span>&gt;</span></div><div class="line">        <span class="tag">&lt;<span class="name">meta</span> <span class="attr">charset</span>=<span class="string">"utf-8"</span>&gt;</span></div><div class="line">        <span class="tag">&lt;<span class="name">meta</span> <span class="attr">content</span>=<span class="string">"width=device-width,initial-scale=1.0,maximum-scale=1.0,user-scalable=no"</span> <span class="attr">name</span>=<span class="string">"viewport"</span>&gt;</span></div><div class="line">        <span class="tag">&lt;<span class="name">meta</span> <span class="attr">content</span>=<span class="string">"yes"</span> <span class="attr">name</span>=<span class="string">"apple-mobile-web-app-capable"</span>&gt;</span></div><div class="line">        <span class="tag">&lt;<span class="name">meta</span> <span class="attr">content</span>=<span class="string">"black"</span> <span class="attr">name</span>=<span class="string">"apple-mobile-web-app-status-bar-style"</span>&gt;</span></div><div class="line">        <span class="tag">&lt;<span class="name">meta</span> <span class="attr">content</span>=<span class="string">"telephone=no"</span> <span class="attr">name</span>=<span class="string">"format-detection"</span>&gt;</span></div><div class="line">        <span class="tag">&lt;<span class="name">meta</span> <span class="attr">content</span>=<span class="string">"email=no"</span> <span class="attr">name</span>=<span class="string">"format-detection"</span>&gt;</span></div><div class="line">        <span class="tag">&lt;<span class="name">title</span>&gt;</span>标题<span class="tag">&lt;/<span class="name">title</span>&gt;</span></div><div class="line">        <span class="tag">&lt;<span class="name">link</span> <span class="attr">rel</span>=<span class="string">"stylesheet"</span> <span class="attr">href</span>=<span class="string">"index.css"</span>&gt;</span></div><div class="line">    <span class="tag">&lt;/<span class="name">head</span>&gt;</span></div><div class="line">    <span class="tag">&lt;<span class="name">body</span>&gt;</span></div><div class="line">    这里开始内容</div><div class="line">    <span class="tag">&lt;/<span class="name">body</span>&gt;</span></div><div class="line"><span class="tag">&lt;/<span class="name">html</span>&gt;</span></div></pre></td></tr></table></figure>
</li>
</ul>
<h2 id="常见问题"><a href="#常见问题" class="headerlink" title="常见问题"></a>常见问题</h2><h3 id="移动端如何定义字体font-family"><a href="#移动端如何定义字体font-family" class="headerlink" title="移动端如何定义字体font-family"></a>移动端如何定义字体font-family</h3><p>   中文字体使用系统默认即可，英文用Helvetica<br>   <code>/* 移动端定义字体的代码 */</code><br>   <code>body{font-family:Helvetica;}</code></p>
<h3 id="移动端字体单位font-size选择px还是rem"><a href="#移动端字体单位font-size选择px还是rem" class="headerlink" title="移动端字体单位font-size选择px还是rem"></a>移动端字体单位font-size选择px还是rem</h3><p>   对于只需要适配少部分手机设备，且分辨率对页面影响不大的，使用px即可<br>   对于需要适配各种移动设备，使用rem，例如只需要适配iPhone和iPad等分辨率差别比较挺大的设备<br>   /<em> 长宽占位 rem算法, 根据root的rem来计算各元素相对rem, 默认html 750/10 = 75px </em>/<br>   可以参考 &gt; <a href="http://www.cnblogs.com/well-nice/p/5509589.html" target="_blank" rel="external">http://www.cnblogs.com/well-nice/p/5509589.html</a><br>   <figure class="highlight javascript"><table><tr><td class="gutter"><pre><div class="line">1</div><div class="line">2</div><div class="line">3</div><div class="line">4</div><div class="line">5</div><div class="line">6</div><div class="line">7</div><div class="line">8</div></pre></td><td class="code"><pre><div class="line"> updataHtml();</div><div class="line"> <span class="function"><span class="keyword">function</span> <span class="title">updataHtml</span>(<span class="params"></span>) </span>&#123;</div><div class="line">  <span class="keyword">var</span> w = <span class="built_in">document</span>.documentElement.offsetWidth;</div><div class="line">  <span class="built_in">document</span>.documentElement.style.fontSize = w / <span class="number">10</span> + <span class="string">"px"</span>;</div><div class="line"> &#125;</div><div class="line"> <span class="built_in">window</span>.onresize = <span class="function"><span class="keyword">function</span> (<span class="params"></span>) </span>&#123;</div><div class="line">  updataHtml();</div><div class="line">&#125;</div></pre></td></tr></table></figure></p>
<h3 id="移动端click屏幕产生200-300-ms的延迟响应"><a href="#移动端click屏幕产生200-300-ms的延迟响应" class="headerlink" title="移动端click屏幕产生200-300 ms的延迟响应"></a>移动端click屏幕产生200-300 ms的延迟响应</h3><p>   在IOS safari下，大概为300毫秒，IOS 自带的双击页面放大，点击完成第一次时，会等待第二次点击，页面需要过一段时间才响应，给用户慢体验感觉，对于web开发者来说是，页面js捕获click事件的回调函数处理，需要300ms后才生效，也就间接导致影响其他业务逻辑的处理</p>
<ul>
<li>fastclick可以解决在手机上点击事件的300ms延迟</li>
<li><p>zepto的touch模块，tap事件也是为了解决在click的延迟问题  </p>
<h3 id="触摸事件的响应顺序"><a href="#触摸事件的响应顺序" class="headerlink" title="触摸事件的响应顺序"></a>触摸事件的响应顺序</h3><p><code>ontouchstart</code><br><code>ontouchmove</code><br><code>ontouchend</code><br><code>onclick</code><br>解决300ms延迟的问题，也可以通过绑定ontouchstart事件，加快对事件的响应</p>
<h3 id="什么是Retina-显示屏，带来了什么问题"><a href="#什么是Retina-显示屏，带来了什么问题" class="headerlink" title="什么是Retina 显示屏，带来了什么问题"></a>什么是Retina 显示屏，带来了什么问题</h3><p>retina：一种具备超高像素密度的液晶屏，同样大小的屏幕上显示的像素点由1个变为多个，如在同样带下的屏幕上，苹果设备的retina显示屏中，像素点1个变为4个<br>在高清显示屏中的位图被放大，图片会变得模糊，<font color="red">因此移动端的视觉稿通常会设计为传统PC的2倍</font><br>设计稿切出来的图片长宽保证为偶数，并使用backgroud-size把图片缩小为原来的1/2</p>
<figure class="highlight"><table><tr><td class="gutter"><pre><div class="line">1</div><div class="line">2</div></pre></td><td class="code"><pre><div class="line">//例如图片宽高为：200px*200px，那么写法如下</div><div class="line">.css&#123;width:100px;height:100px;background-size:100px 100px;&#125;</div></pre></td></tr></table></figure>
<p>其它元素的取值为原来的1/2，例如视觉稿40px的字体，使用样式的写法为20px</p>
<figure class="highlight css"><table><tr><td class="gutter"><pre><div class="line">1</div></pre></td><td class="code"><pre><div class="line"><span class="selector-class">.css</span>&#123;<span class="attribute">font-size</span>:<span class="number">20px</span>&#125;</div></pre></td></tr></table></figure>
<h3 id="ios系统中元素被触摸时产生的半透明灰色遮罩怎么去掉"><a href="#ios系统中元素被触摸时产生的半透明灰色遮罩怎么去掉" class="headerlink" title="ios系统中元素被触摸时产生的半透明灰色遮罩怎么去掉"></a>ios系统中元素被触摸时产生的半透明灰色遮罩怎么去掉</h3><p>ios用户点击一个链接，会出现一个半透明灰色遮罩, 如果想要禁用，可设置-webkit-tap-highlight-color的alpha值为0，也就是属性值的最后一位设置为0就可以去除半透明灰色遮罩</p>
<figure class="highlight css"><table><tr><td class="gutter"><pre><div class="line">1</div></pre></td><td class="code"><pre><div class="line"><span class="selector-tag">a</span>,<span class="selector-tag">button</span>,<span class="selector-tag">input</span>,<span class="selector-tag">textarea</span>&#123;<span class="attribute">-webkit-tap-highlight-color</span>: <span class="built_in">rgba</span>(0,0,0,0;)&#125;</div></pre></td></tr></table></figure>
<h3 id="部分android系统中元素被点击时产生的边框怎么去掉"><a href="#部分android系统中元素被点击时产生的边框怎么去掉" class="headerlink" title="部分android系统中元素被点击时产生的边框怎么去掉"></a>部分android系统中元素被点击时产生的边框怎么去掉</h3><p>android用户点击一个链接，会出现一个边框或者半透明灰色遮罩, 不同生产商定义出来额效果不一样，可设置-webkit-tap-highlight-color的alpha值为0去除部分机器自带的效果</p>
<figure class="highlight css"><table><tr><td class="gutter"><pre><div class="line">1</div><div class="line">2</div><div class="line">3</div><div class="line">4</div></pre></td><td class="code"><pre><div class="line"><span class="selector-tag">a</span>,<span class="selector-tag">button</span>,<span class="selector-tag">input</span>,<span class="selector-tag">textarea</span>&#123;</div><div class="line">    <span class="attribute">-webkit-tap-highlight-color</span>: <span class="built_in">rgba</span>(0,0,0,0;)</div><div class="line">    -webkit-user-modify:read-write-plaintext-only; </div><div class="line">&#125;</div></pre></td></tr></table></figure>
<p>兼容性不是很好</p>
<h3 id="winphone系统a、input标签被点击时产生的半透明灰色背景怎么去掉、"><a href="#winphone系统a、input标签被点击时产生的半透明灰色背景怎么去掉、" class="headerlink" title="winphone系统a、input标签被点击时产生的半透明灰色背景怎么去掉、"></a>winphone系统a、input标签被点击时产生的半透明灰色背景怎么去掉、</h3><figure class="highlight html"><table><tr><td class="gutter"><pre><div class="line">1</div></pre></td><td class="code"><pre><div class="line"><span class="tag">&lt;<span class="name">meta</span> <span class="attr">name</span>=<span class="string">"msapplication-tap-highlight"</span> <span class="attr">content</span>=<span class="string">"no"</span>&gt;</span></div></pre></td></tr></table></figure>
<h3 id="webkit表单元素的默认外观怎么重置"><a href="#webkit表单元素的默认外观怎么重置" class="headerlink" title="webkit表单元素的默认外观怎么重置"></a>webkit表单元素的默认外观怎么重置</h3><figure class="highlight css"><table><tr><td class="gutter"><pre><div class="line">1</div></pre></td><td class="code"><pre><div class="line"><span class="selector-class">.css</span>&#123;<span class="attribute">-webkit-apperarance</span>:none&#125;</div></pre></td></tr></table></figure>
<p><font color="red">把各个浏览器表单的默认样式重置</font></p>
<h3 id="伪元素改变number类型input框的默认样式"><a href="#伪元素改变number类型input框的默认样式" class="headerlink" title="伪元素改变number类型input框的默认样式"></a>伪元素改变number类型input框的默认样式</h3><figure class="highlight css"><table><tr><td class="gutter"><pre><div class="line">1</div><div class="line">2</div><div class="line">3</div><div class="line">4</div><div class="line">5</div><div class="line">6</div><div class="line">7</div><div class="line">8</div><div class="line">9</div></pre></td><td class="code"><pre><div class="line"><span class="selector-tag">input</span><span class="selector-attr">[type=number]</span><span class="selector-pseudo">::-webkit-textfield-decoration-container</span> &#123;</div><div class="line">    <span class="attribute">background-color</span>: transparent;    </div><div class="line">&#125;</div><div class="line"><span class="selector-tag">input</span><span class="selector-attr">[type=number]</span><span class="selector-pseudo">::-webkit-inner-spin-button</span> &#123;</div><div class="line">    <span class="attribute">-webkit-appearance</span>: none;</div><div class="line">&#125;</div><div class="line"><span class="selector-tag">input</span><span class="selector-attr">[type=number]</span><span class="selector-pseudo">::-webkit-outer-spin-button</span> &#123;</div><div class="line">    <span class="attribute">-webkit-appearance</span>: none;</div><div class="line">&#125;</div></pre></td></tr></table></figure></li>
</ul>
]]></content>
    
    <summary type="html">
    
      一些移动端常见问题 和解决方案(未完成 2017-7-17)
    
    </summary>
    
      <category term="mobile" scheme="http://asyncnode.com/categories/mobile/"/>
    
    
      <category term="css" scheme="http://asyncnode.com/tags/css/"/>
    
      <category term="javascript" scheme="http://asyncnode.com/tags/javascript/"/>
    
      <category term="html" scheme="http://asyncnode.com/tags/html/"/>
    
  </entry>
  
  <entry>
    <title>大家好</title>
    <link href="http://asyncnode.com//blog/Hello.html"/>
    <id>http://asyncnode.com//blog/Hello.html</id>
    <published>2017-06-23T02:26:37.000Z</published>
    <updated>2017-07-17T01:28:20.664Z</updated>
    
    <content type="html"><![CDATA[<h3 id="希望以后每个星期-写一片博客，-算是对自己一周工作和自主学习的总结和记录"><a href="#希望以后每个星期-写一片博客，-算是对自己一周工作和自主学习的总结和记录" class="headerlink" title="希望以后每个星期 写一片博客， 算是对自己一周工作和自主学习的总结和记录"></a>希望以后每个星期 写一片博客， 算是对自己一周工作和自主学习的总结和记录</h3>]]></content>
    
    <summary type="html">
    
      &lt;h3 id=&quot;希望以后每个星期-写一片博客，-算是对自己一周工作和自主学习的总结和记录&quot;&gt;&lt;a href=&quot;#希望以后每个星期-写一片博客，-算是对自己一周工作和自主学习的总结和记录&quot; class=&quot;headerlink&quot; title=&quot;希望以后每个星期 写一片博客， 算是对自
    
    </summary>
    
    
  </entry>
  
  <entry>
    <title>Hello World</title>
    <link href="http://asyncnode.com//blog/hello-world.html"/>
    <id>http://asyncnode.com//blog/hello-world.html</id>
    <published>2017-06-22T09:30:03.444Z</published>
    <updated>2017-06-22T09:26:33.144Z</updated>
    
    <content type="html"><![CDATA[<p>Welcome to <a href="https://hexo.io/" target="_blank" rel="external">Hexo</a>! This is your very first post. Check <a href="https://hexo.io/docs/" target="_blank" rel="external">documentation</a> for more info. If you get any problems when using Hexo, you can find the answer in <a href="https://hexo.io/docs/troubleshooting.html" target="_blank" rel="external">troubleshooting</a> or you can ask me on <a href="https://github.com/hexojs/hexo/issues" target="_blank" rel="external">GitHub</a>.</p>
<h2 id="Quick-Start"><a href="#Quick-Start" class="headerlink" title="Quick Start"></a>Quick Start</h2><h3 id="Create-a-new-post"><a href="#Create-a-new-post" class="headerlink" title="Create a new post"></a>Create a new post</h3><figure class="highlight bash"><table><tr><td class="gutter"><pre><div class="line">1</div></pre></td><td class="code"><pre><div class="line">$ hexo new <span class="string">"My New Post"</span></div></pre></td></tr></table></figure>
<p>More info: <a href="https://hexo.io/docs/writing.html" target="_blank" rel="external">Writing</a></p>
<h3 id="Run-server"><a href="#Run-server" class="headerlink" title="Run server"></a>Run server</h3><figure class="highlight bash"><table><tr><td class="gutter"><pre><div class="line">1</div></pre></td><td class="code"><pre><div class="line">$ hexo server</div></pre></td></tr></table></figure>
<p>More info: <a href="https://hexo.io/docs/server.html" target="_blank" rel="external">Server</a></p>
<h3 id="Generate-static-files"><a href="#Generate-static-files" class="headerlink" title="Generate static files"></a>Generate static files</h3><figure class="highlight bash"><table><tr><td class="gutter"><pre><div class="line">1</div></pre></td><td class="code"><pre><div class="line">$ hexo generate</div></pre></td></tr></table></figure>
<p>More info: <a href="https://hexo.io/docs/generating.html" target="_blank" rel="external">Generating</a></p>
<h3 id="Deploy-to-remote-sites"><a href="#Deploy-to-remote-sites" class="headerlink" title="Deploy to remote sites"></a>Deploy to remote sites</h3><figure class="highlight bash"><table><tr><td class="gutter"><pre><div class="line">1</div></pre></td><td class="code"><pre><div class="line">$ hexo deploy</div></pre></td></tr></table></figure>
<p>More info: <a href="https://hexo.io/docs/deployment.html" target="_blank" rel="external">Deployment</a></p>
]]></content>
    
    <summary type="html">
    
      &lt;p&gt;Welcome to &lt;a href=&quot;https://hexo.io/&quot; target=&quot;_blank&quot; rel=&quot;external&quot;&gt;Hexo&lt;/a&gt;! This is your very first post. Check &lt;a href=&quot;https://hexo.
    
    </summary>
    
    
  </entry>
  
</feed>
